X0,X1,X2,X3,X4,X5,Class,Hyperfeature_1,Hyperfeature_2,Hyperfeature_3,Hyperfeature_4,Hyperfeature_5,Hyperfeature_6,Hyperfeature_7,Hyperfeature_8,Hyperfeature_9,Hyperfeature_10,Hyperfeature_11
66,56,56,71,79,50,1,1.0040506329113923,1.2762572281741738,3.2334775331557735e-08,2.318732386177721,55.95981345663265,-0.0144800351031154,56.0,224.6494134688757,71.0,1.2762083284818262,-64.73214285714286
67,55,55,72,73,43,1,1.2679197196559413,1.6515255791351617,4.060736490802664e-08,2.660721830150244,54.944718741668886,-0.013952519783423574,55.0,164.35594725378084,72.0,1.6514910105410712,-65.69090909090909
67,59,56,71,76,48,1,1.1104714912280702,1.3818864834069124,3.4055343314608276e-08,2.4133769218048067,55.961856840193704,-0.014036445757463852,56.0,176.0947919640812,71.0,1.3818592997609676,-65.79661016949153
68,56,55,72,70,42,1,1.3659863945578232,1.7633079879360183,4.382223664654763e-08,2.742860993124565,54.9438961038961,-0.01333006616025484,55.0,157.63123157759836,72.0,1.7632759869657666,-66.71428571428571
68,56,56,71,78,48,1,1.09508547008547,1.3464679433434592,3.3178553178432806e-08,2.389422561149221,55.955348285147394,-0.014214046822742474,56.0,178.73540620887957,71.0,1.3464276025191906,-66.73214285714286
68,57,55,72,73,44,1,1.2540473225404734,1.6139857198487724,3.9890295969781494e-08,2.622666832787788,54.94989125706829,-0.013954995499549957,55.0,165.5015687647608,72.0,1.6139563682135267,-66.73684210526316
68,57,55,73,74,44,1,1.2371007371007372,1.6367082916954514,3.9355042475120365e-08,2.6455788396977478,54.948489681504036,-0.014239791326071383,55.0,168.58582282631022,73.0,1.636679321150077,-66.71929824561404
68,57,57,70,74,46,1,1.236192714453584,1.4395236396025017,3.449048564162124e-08,2.4676865802855175,56.95690981840566,-0.012944983818770227,57.0,164.50452985115615,70.0,1.439490811435855,-66.7719298245614
68,57,57,71,76,46,1,1.2036613272311214,1.4419727820978616,3.315685214685941e-08,2.4776895993270944,56.9556698764455,-0.013473350505250647,57.0,169.27203597884886,71.0,1.4419411924824126,-66.75438596491227
68,60,65,74,91,61,1,0.8474148802017654,0.98631085513352,1.6865685315985064e-08,2.026298387321524,64.97350749879051,-0.012351285078557806,65.0,146.90284531936783,74.0,0.9864920934672553,-66.76666666666667
69,56,57,50,54,48,1,1.6377314814814814,0.9645772083740778,4.6628331712992705e-08,1.9676465590647798,56.97762262799857,-0.009053081421502473,57.0,121.87411288144747,50.0,0.9645162415953819,-68.10714285714286
69,56,57,50,56,46,1,1.6517857142857142,0.970554273577407,4.3327989341513516e-08,1.9798446235148304,56.97626642363485,-0.009494324045407636,57.0,125.73928950500596,50.0,0.9705071100641851,-68.10714285714286
69,56,59,51,60,47,1,1.5744680851063828,0.9223970463320799,3.527202350342231e-08,1.9351248751532468,58.976846246973366,-0.00935058900967002,59.0,131.8666617245512,51.0,0.9223495098694536,-68.08928571428571
69,60,61,82,81,51,1,1.1154684095860565,1.627734196900997,2.7768040309619845e-08,2.620188377361647,60.956258131667965,-0.01247818578029351,61.0,152.86705242288718,82.0,1.6276992340618635,-67.63333333333334
69,60,62,82,80,50,1,1.1797499999999999,1.6810403154816331,2.733494949916996e-08,2.665000227904815,61.95591397849462,-0.011902708297395205,62.0,117.21132063872624,82.0,1.6810067476942163,-67.63333333333334
70,56,58,51,57,47,1,1.6401642403882046,0.9709469203438902,4.083917523778659e-08,1.9798730451118658,57.97573331840573,-0.009241926281492098,58.0,127.77269467787114,51.0,0.9708946138818516,-69.08928571428571
70,57,56,72,76,46,1,1.204233409610984,1.4828773920594123,3.5157092501464904e-08,2.51258689633194,55.95078605604921,-0.01383495145631068,56.0,172.17995464852606,72.0,1.4828451912877485,-68.73684210526316
70,57,57,71,78,49,1,1.120879120879121,1.318989317419184,3.14652404528229e-08,2.3592360032775277,56.95690126876646,-0.013477088948787063,57.0,176.81976183632406,71.0,1.3189494053329733,-68.75438596491227
70,57,59,51,59,47,1,1.6184637576631808,0.9380255984818093,3.617972587485581e-08,1.9495352996730497,58.97725245316681,-0.009289439374185136,59.0,130.7760927596845,51.0,0.9379824732883724,-69.10526315789474
70,57,60,52,62,50,1,1.474193548387097,0.8723205403007224,3.200141333111858e-08,1.878725236834169,59.97863126284179,-0.009139637163276525,60.0,136.15487889661358,52.0,0.8722656854255698,-69.08771929824562
70,58,59,66,68,50,1,1.3147058823529412,1.281231897134685,3.3360902950299636e-08,2.290593669667931,58.96650158417669,-0.010445288300248011,59.0,151.02461919033348,66.0,1.2811840722308456,-68.86206896551724
70,58,59,67,68,49,1,1.3445378151260505,1.3472909502741148,3.337575632909832e-08,2.3526467357002807,58.96454578482632,-0.010542907817072759,59.0,150.88740317252044,67.0,1.3472469463935202,-68.84482758620689
70,58,63,66,80,60,1,0.9645833333333333,0.9073934758544049,2.1408077127122788e-08,1.9249977877827733,62.97516420361248,-0.010304516220729844,63.0,177.52488735754042,66.0,0.9075039740582069,-68.86206896551724
70,58,63,67,80,59,1,0.9898305084745763,0.950845752849867,2.173784016074583e-08,1.9730913976900768,62.97386134693545,-0.01039258900894121,63.0,177.19924285279143,67.0,0.9510635312506848,-68.84482758620689
70,59,58,68,70,50,1,1.2485714285714287,1.3211888491205437,3.565673045001733e-08,2.3314319261951355,57.965352395510195,-0.011263349660190467,58.0,157.23134453781512,68.0,1.321149838668572,-68.84745762711864
70,59,58,69,70,50,1,1.2485714285714287,1.3603323826160139,3.612930514538251e-08,2.3657176404808498,57.96432585532527,-0.011263349660190467,58.0,157.72972164711297,69.0,1.360292798480925,-68.83050847457628
70,59,59,67,69,51,1,1.2662688263711281,1.2756979537017084,3.139078281195611e-08,2.2847442148067065,58.967760700948006,-0.010606060606060607,59.0,153.85029130783929,67.0,1.2756534295106954,-68.86440677966101
70,59,60,71,70,43,1,1.5089700996677742,1.6747883527571945,3.386265087414803e-08,2.6654542644453514,59.955499646892655,-0.011247276688453158,60.0,152.7023264587525,71.0,1.6747610539392623,-68.79661016949153
70,59,61,63,74,46,1,1.371915393654524,1.1660142304118613,2.5703977810691064e-08,2.2209197588749614,60.96849124756877,-0.01131243409069121,61.0,159.49648938363225,63.0,1.1659885068564007,-68.9322033898305
70,59,62,63,74,46,1,1.398942420681551,1.1660148460027544,2.4674907212858355e-08,2.220920046707655,61.96899945325315,-0.010938079347423062,62.0,158.38794636695258,63.0,1.1659886507014674,-68.9322033898305
70,59,62,63,74,47,1,1.371477860839563,1.141208094959705,2.4675003835309107e-08,2.191780146717648,61.969860579551664,-0.010834889919617185,62.0,158.5498804370233,63.0,1.1411802406040954,-68.9322033898305
70,59,62,63,75,46,1,1.3802898550724638,1.1504675480765838,2.4015345807006628e-08,2.2095682387453874,61.96899945325315,-0.011129975476325221,62.0,160.42021591245194,63.0,1.1504420393901742,-68.9322033898305
70,59,62,68,78,58,1,1.015473032714412,1.0223997546692243,2.3979933711887023e-08,2.0442073505435547,61.97310470783942,-0.010543352837259648,62.0,175.24476590636255,68.0,1.0221087443183323,-68.84745762711864
70,59,63,67,78,59,1,1.0152107779226422,0.9733607675580898,2.268989336478063e-08,1.9945662099328159,62.97483970047529,-0.010101010101010102,63.0,172.94653583394978,67.0,0.9754497316548907,-68.86440677966101
70,60,58,86,77,50,1,1.135064935064935,1.9210814799866949,3.6620567882763376e-08,2.836883384260082,57.94686781609195,-0.012907984510418588,58.0,160.28621262458472,86.0,1.921046027500597,-68.56666666666666
70,60,60,82,78,49,1,1.1978021978021978,1.7593273529946682,3.1231387480807246e-08,2.724752178847137,59.95210826210826,-0.012350035285815103,60.0,118.4351418616227,82.0,1.7592954938009315,-68.63333333333334
70,60,60,82,80,50,1,1.1425,1.6810392056147672,2.9676111663915508e-08,2.6650000012104282,59.95330555555555,-0.012727272727272726,60.0,145.11996017919364,82.0,1.681006534269128,-68.63333333333334
70,60,61,67,73,48,1,1.3350456621004567,1.2811427009949894,2.78958593096784e-08,2.3136447256538344,60.96772361230946,-0.010991771873626028,61.0,158.3245240633567,67.0,1.2811144089241877,-68.88333333333334
70,60,62,68,76,57,1,1.0687903970452448,1.0675015840637663,2.5063824499884652e-08,2.087718942216027,61.973552962708766,-0.01033912324234905,62.0,169.23378494254845,68.0,1.0674100376195992,-68.86666666666666
70,60,64,73,84,55,1,1.0627705627705626,1.1535197370783814,2.0325667819325586e-08,2.196319314862945,63.96916087962963,-0.01141304347826087,64.0,184.71937377690801,73.0,1.1534678999545465,-68.78333333333333
70,61,61,86,79,51,1,1.156614544551998,1.8357318036924477,3.040201642208988e-08,2.774882346213004,60.952675292100174,-0.012019230769230768,61.0,159.02794890049043,86.0,1.8356978978127776,-68.59016393442623
71,57,59,52,60,50,1,1.5070000000000001,0.901399598682652,3.56695946459932e-08,1.9066885652183025,58.97766544421317,-0.009157973342988393,59.0,134.08466944679998,52.0,0.9013413799885533,-70.08771929824562
71,57,60,51,61,50,1,1.5150819672131148,0.8528510262963798,3.2425720787340364e-08,1.8560849402028683,59.97887426900585,-0.009005340453938583,60.0,135.01645552223403,51.0,0.8527946916221831,-70.10526315789474
71,58,58,49,58,49,1,1.5594651653764955,0.8448794097555014,3.7207481388710495e-08,1.8448556360032036,57.98017406526622,-0.009345794392523364,58.0,130.8924944487461,49.0,0.8448355747551218,-70.15517241379311
71,58,59,51,57,46,1,1.72883295194508,0.9920390908019221,3.845898997492694e-08,2.0034622119325323,58.97696721746985,-0.009193441803146934,59.0,127.5778056655567,51.0,0.9920008282239912,-70.12068965517241
71,58,61,63,74,48,1,1.3307995495495495,1.1174394710199071,2.5920410076315506e-08,2.163854450307871,60.967947993216505,-0.01098051345499536,61.0,160.72535098811065,63.0,1.1174056869885207,-69.91379310344827
71,58,63,57,67,51,1,1.4386889083991805,0.9508934383791103,2.6409722136848857e-08,1.9684022903308607,62.97660098522167,-0.008950442197053179,63.0,144.3353172005747,57.0,0.9508412149290643,-70.01724137931035
71,58,63,64,75,49,1,1.3393197278911564,1.1146025951379177,2.363413572197353e-08,2.159458782203187,62.96886212978167,-0.010354043935542432,63.0,160.7754666201434,64.0,1.1145647819476534,-69.89655172413794
71,59,57,71,68,41,1,1.5401721664275467,1.8081429468496126,4.074682078748461e-08,2.775831881633601,56.948311749566784,-0.012248538011695906,57.0,152.50396746677245,71.0,1.8081174194064886,-69.79661016949153
71,59,58,69,68,43,1,1.5095759233926127,1.6282865919535245,3.7893332336272306e-08,2.619363917674672,57.95511962444147,-0.01160786530553431,58.0,151.53956973110348,69.0,1.628259199499329,-69.83050847457628
71,59,59,67,69,52,1,1.2516722408026755,1.2511721630423207,3.414341112792143e-08,2.25948046945694,58.967760700948006,-0.01048589573179737,59.0,154.94180151522778,67.0,1.2511215558152036,-69.86440677966101
71,59,62,62,75,48,1,1.339722222222222,1.067813337366068,2.3629247494035267e-08,2.1183362099500824,61.97080979284369,-0.010886966827108,62.0,161.56270948488873,62.0,1.0677844244297947,-69.94915254237289
71,59,62,63,74,47,1,1.3852788959171938,1.1412084858003426,2.4676452720549435e-08,2.1917804454128036,61.96899945325315,-0.01080340839926963,62.0,159.43793248707732,63.0,1.141180312237161,-69.9322033898305
71,59,63,56,68,53,1,1.3579356270810212,0.8702043405199962,2.4971583749360483e-08,1.880140503381725,62.979422167103024,-0.008995138459424172,63.0,146.606120667668,56.0,0.8701503600092642,-70.05084745762711
71,59,64,73,88,56,1,1.0030438311688312,1.0814583511184788,1.8655996101769808e-08,2.133115295767612,63.967925414098616,-0.012109736355226641,64.0,194.42280061486676,73.0,1.0813760603380913,-69.76271186440678
71,60,63,57,70,54,1,1.2902116402116401,0.8595782645607414,2.3769523192091337e-08,1.869846192248283,62.98001107419712,-0.009267961570593149,63.0,150.91951989112619,57.0,0.8595292273228486,-70.05
71,60,63,63,70,46,1,1.5220496894409938,1.2326439617278762,2.6309182195207563e-08,2.269571686139733,62.97,-0.009967430368373763,63.0,150.07777116533316,63.0,1.2326169701516054,-69.95
71,60,63,64,72,47,1,1.4515366430260048,1.21043694660287,2.524980735504417e-08,2.2505959270095572,62.969900058788944,-0.01019280187203009,63.0,154.33617273142838,64.0,1.2104095253094105,-69.93333333333334
71,60,63,66,81,59,1,0.9901653065494873,0.9117475440235997,2.0540465904966907e-08,1.9334572297265802,62.975992063492065,-0.010721269639931445,63.0,178.1525761483111,66.0,0.9114915825581988,-69.9
71,60,64,73,86,55,1,1.049894291754757,1.1266932299960584,1.9384029253584836e-08,2.176108815536384,63.968459990530306,-0.011812333629103815,64.0,188.40258956789162,73.0,1.126643012112482,-69.78333333333333
71,60,65,74,90,56,1,1.0029761904761905,1.0865703421153983,1.7245997131190154e-08,2.143649212643059,64.96879772079772,-0.0122823203782724,65.0,197.5298873561123,74.0,1.0865120639562538,-69.76666666666667
71,61,59,87,79,49,1,1.1702402479979332,1.9553447464646638,3.343411540072223e-08,2.8767764883240776,58.94607476435762,-0.013084987461856852,59.0,162.42496433460187,87.0,1.9553157957353189,-69.57377049180327
71,61,62,85,79,49,1,1.2461896150865408,1.8664801525414245,2.88445633911756e-08,2.8106443948953768,61.95101628496658,-0.011760073856848048,62.0,120.50286241058615,85.0,1.8664501562760987,-69.60655737704919
72,56,58,50,57,48,1,1.6403508771929824,0.9138104198875963,4.002406866703714e-08,1.9188939912463807,57.9759467364532,-0.009156644017295882,58.0,129.72924189814813,50.0,0.9137522524351344,-71.10714285714286
72,57,59,52,61,51,1,1.4657666345226614,0.8692470007316662,3.44982297188698e-08,1.8720869867193939,58.97766544421317,-0.009200968523002421,59.0,137.16063002391127,52.0,0.8691814502287043,-71.08771929824562
72,59,60,70,70,42,1,1.5673469387755103,1.6667037161350644,9.681113461006912e-09,2.666673303021347,59.95226962789791,-0.011306291919514534,60.0,154.13983410493827,70.0,1.6666773804172306,-70.8135593220339
72,59,61,59,65,43,1,1.6872987477638641,1.245475813129873,3.120911035835145e-08,2.279796876576844,60.96775956284153,-0.010040274547620397,61.0,142.55202121259677,59.0,1.2454485003131743,-71.0
72,59,62,58,68,55,1,1.2839572192513369,0.899551941527573,2.674828183511194e-08,1.907493657874856,61.978104090187195,-0.009106343571538817,62.0,149.10746087494172,58.0,0.899470976707345,-71.01694915254237
72,59,62,60,69,51,1,1.382779198635976,1.0230681439602922,2.714348487712463e-08,2.0460423819526654,61.97410146470605,-0.009582675389127002,62.0,150.58414351851852,60.0,1.0230246897752615,-70.98305084745763
72,59,63,57,69,52,1,1.3823857302118172,0.9055719271556656,2.4687160629257997e-08,1.9222476857940536,62.97758738436705,-0.009204009204009204,63.0,149.45125651334533,57.0,0.9055247183718592,-71.03389830508475
72,60,62,56,62,42,1,1.8341013824884793,1.204337303051994,3.1004694023297886e-08,2.236575376200316,61.97189964157706,-0.009487666034155597,62.0,135.3115997942387,56.0,1.2043120007840367,-71.06666666666666
72,60,62,57,65,42,1,1.7494505494505497,1.1901434592044025,2.8694234389387323e-08,2.2340778158544228,61.97088709677419,-0.009900173253031929,62.0,141.3899157616263,57.0,1.1901200138221586,-71.05
72,60,63,57,66,53,1,1.414522584333905,0.9288716588583867,2.6718802853502557e-08,1.9391187568543762,62.979036004645764,-0.008794591326334304,63.0,143.48529239766083,57.0,0.9288228780949372,-71.05
72,60,63,67,78,52,1,1.222879684418146,1.1067977582383195,2.2507051861921825e-08,2.147437222874125,62.97031084656085,-0.010741138560687433,63.0,168.84000570066337,67.0,1.1067610582525824,-70.88333333333334
72,60,63,68,76,50,1,1.308421052631579,1.2168811900911518,2.4077914373768096e-08,2.254739374327706,62.96780840991367,-0.010565705480959718,63.0,164.33894015122388,68.0,1.2168486285993183,-70.86666666666666
72,60,63,69,76,50,1,1.308421052631579,1.2529343964469815,2.443771527043451e-08,2.287897269064548,62.96685463659148,-0.010565705480959718,63.0,164.4970058373591,69.0,1.2529013561096798,-70.85
72,60,64,58,68,53,1,1.402330743618202,0.9334612737843251,2.4814799126498196e-08,1.9472891008946056,63.9786331300813,-0.008784487246225924,64.0,146.5169987228608,58.0,0.9334136057308546,-71.03333333333333
72,61,63,87,81,56,1,1.0776014109347443,1.6687197627310617,2.697824453368129e-08,2.6276450116641565,62.95623211033047,-0.01103423325645548,63.0,164.36361799568965,87.0,1.6686563775807062,-70.57377049180327
72,62,62,58,65,42,1,1.7494505494505497,1.232264148473419,2.873961041536791e-08,2.2732715691173113,61.97265218522372,-0.010033444816053512,62.0,141.40724580860442,58.0,1.2322440712043565,-71.06451612903226
72,62,62,62,64,50,1,1.5225,1.201289527311552,3.1731461148661826e-08,2.208762973162926,61.975,-0.009183673469387754,62.0,140.3808334238442,62.0,1.201257667295634,-71.0
72,62,62,87,81,54,1,1.102880658436214,1.7304972491438628,2.7856282065232974e-08,2.6851849571184627,61.9552490303661,-0.011711125569290827,62.0,164.67934113300493,87.0,1.7304584058717007,-70.59677419354838
73,59,60,69,75,49,1,1.286530612244898,1.2955514444199843,2.86103409082801e-08,2.3281659276703355,59.96157384987893,-0.01145966368667518,60.0,166.60608211563198,69.0,1.2955171639164464,-71.83050847457628
73,59,61,58,67,45,1,1.5913764510779436,1.1157915442582693,2.884554903247868e-08,2.1545700142354054,60.96984825533975,-0.010132973217142535,61.0,147.7007918975881,58.0,1.11576335280704,-72.01694915254237
73,59,62,57,70,56,1,1.232908163265306,0.8289328189355585,2.5028431494884948e-08,1.8321479272433396,61.97885261266891,-0.009293343402740318,62.0,154.16122429617604,57.0,0.8288316987029509,-72.03389830508475
73,59,63,56,68,54,1,1.358115468409586,0.8541020284775501,2.4816352980102318e-08,1.8605748303608705,62.9789077212806,-0.008897069152144632,63.0,148.55093424121384,56.0,0.8540364669382109,-72.05084745762711
73,59,63,57,67,53,1,1.4086172909039707,0.9150182159910485,2.6112798829489352e-08,1.9262278550270389,62.97758738436705,-0.008846412961319794,63.0,146.42461676225292,57.0,0.9149600440257534,-72.03389830508475
73,60,58,54,48,32,1,2.6516927083333335,1.898492212265433,5.915517319818911e-08,2.8125585368771464,57.95589836660617,-0.00988963349650476,58.0,111.64410852336042,54.0,1.898463139156191,-72.1
73,60,62,61,65,51,1,1.4835595776772248,1.1225243542510532,3.0741224149488566e-08,2.1345523061079157,61.97367713638936,-0.009092041350105867,62.0,143.39461334429734,61.0,1.1224811928552527,-71.98333333333333
73,61,63,58,66,54,1,1.3992704826038158,0.9439370039645795,2.698434055214587e-08,1.9528732563347775,62.97915814777642,-0.008780439712116731,63.0,144.59182352903113,58.0,0.9438894035644102,-72.04918032786885
73,61,63,85,82,51,1,1.2003825920612148,1.7276824472245997,2.5704464750511252e-08,2.7032526520456455,62.95179380425282,-0.01168692785756278,63.0,,85.0,1.7276488618001145,-71.60655737704919
73,61,65,63,74,48,1,1.4664977477477477,1.1174313271128562,2.1562647523128146e-08,2.1638560576819277,64.97219419924338,-0.009820483415666902,65.0,158.11955613406792,63.0,1.1174056479922783,-71.9672131147541
73,61,65,64,77,50,1,1.3566233766233766,1.063929676669692,2.0221554269716662e-08,2.1111717068830833,64.97281476073539,-0.010117810117810119,65.0,164.54323556835243,64.0,1.0639021805406272,-71.95081967213115
73,62,65,58,80,62,1,1.0022177419354839,0.6767796820340648,1.680690018525887e-08,1.660482579802813,64.98363255972365,-0.009681697612732095,65.0,172.80266653437528,58.0,0.678228871898179,-72.06451612903226
73,63,66,89,79,54,1,1.244960150023441,1.8568203059965496,2.5428312152930897e-08,2.774731937389622,65.9567044907954,-0.009926184926184925,66.0,152.7833673497357,89.0,1.8567810603931152,-71.58730158730158
73,65,62,59,66,46,1,1.614953886693017,1.1465996621498684,2.768963033621865e-08,2.176558061626878,61.97726916546951,-0.00999246090410186,62.0,144.74208854015922,59.0,1.1465818469257654,-72.0923076923077
74,60,61,59,66,41,1,1.754619364375462,1.286433945312731,3.0016295871966573e-08,2.3329750633731767,60.96477433717871,-0.010444380147209303,61.0,146.33107321050517,59.0,1.2864111919544496,-73.01666666666667
74,61,62,68,81,56,1,1.078042328042328,1.0194547812985681,2.186462924270673e-08,2.0537916414086657,61.97156666215734,-0.011314133894779055,62.0,179.63401527521162,68.0,1.0194047183426407,-72.88524590163935
74,61,64,58,85,62,1,0.9316888045540797,0.6381874723616435,1.5584934091500253e-08,1.6178346928720737,63.98241468718635,-0.010819335787697499,64.0,185.10049599926114,58.0,0.6383329473160978,-73.04918032786885
74,61,65,57,81,62,1,1.0023894862604539,0.6467929589624777,1.6231146799122433e-08,1.623057320405962,64.98327714440127,-0.009734532358586186,65.0,175.45037820537465,57.0,0.6469564820655598,-73.06557377049181
74,62,58,53,46,32,1,2.7894021739130435,1.908341251923484,6.21877016343068e-08,2.8084968957449776,57.96094271412681,-0.009785186575440632,58.0,108.60200857491645,53.0,1.9083138907841068,-73.14516129032258
74,62,60,59,61,41,1,1.8656537385045984,1.3918767981716815,3.6075849629089616e-08,2.4062549516812783,59.967732665925105,-0.010169792082280447,60.0,137.2670729593542,59.0,1.3918546624558261,-73.04838709677419
74,62,62,87,81,55,1,1.103030303030303,1.6990402703978618,2.7857983151605945e-08,2.6558922566043743,61.95420831014205,-0.0114996114996115,62.0,165.3126684466386,87.0,1.6989955269311647,-72.59677419354838
74,63,60,58,62,43,1,1.7696924231057765,1.2618457914744028,3.403189196918783e-08,2.2843366490671384,59.97218915343915,-0.010180817610062893,60.0,139.41450944293442,58.0,1.2618251166096897,-73.07936507936508
74,63,61,57,57,39,1,2.103463787674314,1.461573754828972,3.801781946331961e-08,2.4615648129137013,60.96980595516895,-0.00960611230620874,61.0,128.0168146316795,57.0,1.4615519679572704,-73.0952380952381
74,64,66,87,82,55,1,1.1871396895787139,1.6783103485414952,2.2872525947234443e-08,2.642794438438648,65.96017992424242,-0.010396635143085448,66.0,145.60127788552765,87.0,1.6782761207648749,-72.640625
75,61,64,58,86,61,1,0.956157072054899,0.6403008267553926,1.5221749861347167e-08,1.6252365559902393,63.98166637600279,-0.011055424528301886,64.0,187.56904490421456,58.0,0.6412533392961736,-74.04918032786885
75,62,62,58,65,43,1,1.7652951699463328,1.2036087171237897,2.874012319423892e-08,2.24115765971921,61.97082899757197,-0.00992063492063492,62.0,144.35850276713495,58.0,1.2035873207058685,-74.06451612903226
75,63,61,57,64,42,1,1.7935267857142856,1.2087338926569666,3.009759491045863e-08,2.2477813272811598,60.971818891491026,-0.010245901639344262,61.0,143.29391066856329,57.0,1.2087149030125144,-74.0952380952381
75,65,63,58,69,45,1,1.6328502415458939,1.083437149708587,2.3907417062658254e-08,2.1294768475821138,62.97652886795744,-0.010195118890771064,63.0,151.55233760262726,58.0,1.0834210491561016,-74.1076923076923
75,65,66,90,86,58,1,1.0731756214915797,1.6239402804994607,2.1342458404669518e-08,2.5982352105559476,65.96066433566433,-0.010918497614728214,66.0,172.94057142857145,90.0,1.6239019581161487,-73.61538461538461
76,63,59,57,57,37,1,2.141299193930773,1.540575506136818,4.130492385466552e-08,2.540566324886265,58.96357949959645,-0.010404172099087354,59.0,131.9176026957638,57.0,1.540555017994325,-75.0952380952381
76,65,67,88,86,57,1,1.1317829457364341,1.5798026732973405,2.0089529004026658e-08,2.5671154638126157,66.96134378275845,-0.010602724084495556,67.0,152.66382838076052,88.0,1.57976819193099,-74.64615384615385
76,66,68,89,87,58,1,1.1185097106619104,1.5697957501594053,1.8985605159664673e-08,2.5574710918227272,67.96323065210933,-0.010436432637571158,68.0,162.76975240436988,89.0,1.56976277292075,-74.65151515151516
79,68,59,54,52,37,1,2.4064449064449063,1.5156241666586867,4.5194689675868194e-08,2.49796457358183,58.97204540225477,-0.010083150327533458,59.0,124.7701320318911,54.0,1.5156069862354247,-78.20588235294117
65,59,57,84,70,41,2,1.4083623693379792,2.458575123290687,4.564329365427581e-08,3.248784057740508,56.940053523639605,-0.01293859649122807,57.0,136.28527284681132,84.0,2.458548420730881,-63.57627118644068
66,55,51,76,56,29,2,2.0049261083743843,3.556715004256748,8.84050806448955e-08,3.9778528505463036,50.88560110913052,-0.013890802222528354,51.0,128.83962431330852,76.0,3.556680985151823,-64.61818181818182
66,55,51,78,58,33,2,1.793103448275862,3.1787432092753964,8.456288894389214e-08,3.7084796165056413,50.901409820126396,-0.013708873379860419,51.0,135.21179746179746,78.0,3.178707399458363,-64.58181818181818
66,56,51,76,58,33,2,1.793103448275862,3.0178185659841494,8.158001236789785e-08,3.6133905145690277,50.912069175496285,-0.0138012927509606,51.0,134.24123109081245,76.0,3.017786403435287,-64.64285714285714
66,56,51,79,57,32,2,1.8607456140350878,3.4216601758163114,8.790076185412856e-08,3.8547322128261423,50.90067163228928,-0.013725490196078433,51.0,132.97023166068044,79.0,3.421626389614609,-64.58928571428571
66,56,51,83,58,32,2,1.8286637931034482,3.7118058768108253,8.925084812954568e-08,4.024800143277806,50.89035841609371,-0.013958125623130608,51.0,142.5535419916581,83.0,3.711771584355678,-64.51785714285714
66,56,52,85,58,33,2,1.8275862068965518,3.774879491622275,8.714155120352591e-08,4.0412907814265235,51.892125537505976,-0.01331028522039758,52.0,,85.0,3.774842853925236,-64.48214285714286
66,57,53,81,70,40,2,1.3378571428571429,2.343254109786073,5.369463388580583e-08,3.1821458345992304,52.929942018771825,-0.014933964248994677,53.0,135.25806040199978,81.0,2.343226198046147,-64.57894736842105
66,57,53,81,71,39,2,1.3477789815817984,2.3694857511164393,5.2161954578661496e-08,3.217770929190979,52.92760675273088,-0.015403891509433961,53.0,119.88575145393327,81.0,2.3694595887762193,-64.57894736842105
66,57,53,81,72,41,2,1.2723577235772359,2.2225992067878058,5.070296343639134e-08,3.100611576123073,52.9321313306852,-0.015410580129281742,53.0,144.537802265075,81.0,2.222571732989746,-64.57894736842105
66,57,53,81,73,39,2,1.3108535300316122,2.304567339785715,4.9305601665611785e-08,3.186514079303165,52.92760675273088,-0.016073625922887615,53.0,122.89661769207224,81.0,2.3045425729164495,-64.57894736842105
66,58,55,87,66,38,2,1.5414673046251992,3.017988327881865,5.8665869403433275e-08,3.6076621241979265,54.92090909090909,-0.013181818181818182,55.0,135.57340647857887,87.0,3.017958438944163,-64.5
66,59,54,87,65,38,2,1.534412955465587,3.064415737876154,6.280067256022677e-08,3.6279421206924747,53.923364315655185,-0.013516609392898053,54.0,136.14576010892625,87.0,3.064387943296696,-64.52542372881356
66,59,56,84,72,43,2,1.299095607235142,2.27910695510903,4.506757180001189e-08,3.120157163000437,55.940677966101696,-0.013634453781512606,56.0,146.43353010625736,84.0,2.279079899670897,-64.57627118644068
67,55,49,83,57,30,2,1.8812865497076023,4.028720644309889,1.030533744709862e-07,4.222824655314437,48.85798804370233,-0.01499582884001058,49.0,139.10026114706096,83.0,4.0286849066039965,-65.49090909090908
67,55,50,87,59,31,2,1.8162930563149262,4.1383917519703255,9.592171070099873e-08,4.281042664857282,49.85513875598086,-0.014775461106655974,50.0,113.25413334767234,87.0,4.138355315704143,-65.41818181818182
67,55,51,78,53,29,2,2.1379310344827585,3.958435293800216,1.0146176210691792e-07,4.161381063268752,50.87241270839887,-0.013233498527616174,51.0,123.85040848362301,78.0,3.958395959148891,-65.58181818181818
67,55,51,89,60,32,2,1.7848958333333333,4.125585634356974,9.034063645766231e-08,4.2645969540244995,50.85880570409982,-0.014319243353306444,51.0,128.56394532452612,89.0,4.125548020595183,-65.38181818181818
67,55,52,83,61,33,2,1.754595131644312,3.422314618754116,7.752905842739586e-08,3.8758197992307983,51.885298035298035,-0.013884283819628647,52.0,145.33346484624172,83.0,3.422279135305546,-65.49090909090908
67,56,51,83,58,32,2,1.8464439655172413,3.711806483889735,8.925099722674697e-08,4.024800734161945,50.88513738828865,-0.013933452168746285,51.0,139.6949974100009,83.0,3.7117718343259947,-65.51785714285714
67,56,52,74,54,30,2,2.0969135802469134,3.3803118292461205,8.740639023147182e-08,3.8370623149206113,51.90102660497397,-0.01290766478601899,52.0,124.50436923892036,74.0,3.3802771767554405,-65.67857142857143
67,56,52,79,58,33,2,1.845350052246604,3.2607690939897336,8.08725068140608e-08,3.756024926573615,51.90258179320679,-0.013290448729756151,52.0,134.56448493544798,79.0,3.2607346864706424,-65.58928571428571
67,56,54,82,59,31,2,1.9518862766539091,3.6763876215195106,7.387762086315893e-08,4.035008420870847,53.88882275132275,-0.012881253518999164,54.0,133.88011242929872,82.0,3.6763535654165267,-65.53571428571429
67,58,55,87,63,37,2,1.6636636636636637,3.2471547874188453,6.448463838916211e-08,3.7323137448747254,54.91525974025974,-0.012605628091801154,55.0,124.19645339949761,87.0,3.247122633716436,-65.5
67,59,54,86,68,39,2,1.451734539969834,2.7888782635395306,5.663752146456481e-08,3.46983897980503,53.9251159305834,-0.01409389751707811,54.0,141.06726261093007,86.0,2.788852106948703,-65.54237288135593
67,59,54,87,65,37,2,1.5817047817047816,3.1472370651129813,6.280322358015289e-08,3.689820453082658,53.9180790960452,-0.01361676036155203,54.0,133.50067043407086,87.0,3.1472097207074046,-65.52542372881356
67,59,56,80,65,41,2,1.5174484052532833,2.4015435386803716,5.267416437838411e-08,3.1819961464187463,55.94130163621689,-0.012170566502463053,56.0,158.08340526843395,80.0,2.4015139953112574,-65.64406779661017
68,55,52,85,62,35,2,1.6764976958525346,3.329552423873442,7.686497807007285e-08,3.799550456040113,51.885171646535284,-0.01377836722664309,52.0,,85.0,3.329514715185838,-66.45454545454545
68,56,50,86,61,33,2,1.7059115747640339,3.674174354578959,8.777805539910401e-08,4.015908521326488,49.87421768707483,-0.015012812931204418,50.0,115.85426893055444,86.0,3.674141335649664,-66.46428571428571
68,56,51,71,48,29,2,2.382183908045977,3.6214872343424758,1.1155150243866732e-07,3.92748873512501,50.89617317515241,-0.012372272852803094,51.0,114.06247098324788,71.0,3.621446358794606,-66.73214285714286
68,56,51,71,49,28,2,2.3760932944606417,3.6742754722229596,1.0700036206028375e-07,3.984735362165846,50.88968399859944,-0.012698412698412698,51.0,115.9958684633754,71.0,3.6742369988807058,-66.73214285714286
68,56,51,77,55,32,2,1.9659090909090908,3.368813302039634,9.203930912709916e-08,3.8062726192952683,50.89620098039216,-0.013257575757575758,51.0,129.35232328225408,77.0,3.36877721146958,-66.625
68,56,51,77,59,32,2,1.8326271186440677,3.14041523265068,7.986895958029805e-08,3.711350041153581,50.89620098039216,-0.014141414141414142,51.0,137.52340133914527,77.0,3.1403838393367467,-66.625
68,56,52,72,48,29,2,2.4238505747126435,3.7242196217206582,1.0782945630404993e-07,3.9828058826250183,51.89528118939884,-0.011965811965811967,52.0,113.04813937959085,72.0,3.7241774681637345,-66.71428571428571
68,56,54,82,61,34,2,1.8032786885245902,3.242101711574302,6.906414373678457e-08,3.756040531994391,53.89892977392977,-0.012844903190986981,54.0,140.33857287534812,82.0,3.2420669804135915,-66.53571428571429
68,56,54,86,59,33,2,1.8993323061119671,3.798729084606407,7.75532512534702e-08,4.063704381819923,53.88353489543966,-0.012576871503213577,54.0,139.78468925189776,86.0,3.7986912026464883,-66.46428571428571
68,57,51,71,49,29,2,2.3335679099225897,3.5475737240189464,1.060026916030843e-07,3.8972963331421284,50.90366165959561,-0.012624584717607974,51.0,116.08516352623114,71.0,3.547537236143856,-66.75438596491227
68,57,52,83,59,33,2,1.8315356959424756,3.538320494343307,8.14059051849104e-08,3.9219464680604283,51.89435345356398,-0.013577133249264397,52.0,140.0462809282111,83.0,3.5382878664871655,-66.54385964912281
68,57,52,83,61,32,2,1.805327868852459,3.529254134019584,7.610418071072092e-08,3.9544186163654818,51.88932266563845,-0.014195098369541333,52.0,142.85400373118773,83.0,3.5292242873121062,-66.54385964912281
68,57,53,76,56,32,2,2.002232142857143,3.223273171382301,7.886638587824792e-08,3.7321642378093127,52.908954776879305,-0.012641672510233034,53.0,128.8668660605466,76.0,3.223240216005323,-66.66666666666667
68,57,53,78,55,31,2,2.0762463343108504,3.5683917202801974,8.398424641929636e-08,3.934334565248813,52.89930486593843,-0.012591610790581633,53.0,126.87807989900334,78.0,3.5683574259972626,-66.63157894736842
68,57,53,80,56,32,2,2.002232142857143,3.571490556342271,8.310005442398928e-08,3.9285928092378843,52.89911886634826,-0.012641672510233034,53.0,129.56559015763168,80.0,3.5714558664717684,-66.59649122807018
68,57,53,82,60,32,2,1.86875,3.5021387321137007,7.41328040905499e-08,3.929181311293293,52.89401175895714,-0.013470634642051596,53.0,138.45060764621488,82.0,3.502107728174157,-66.56140350877193
68,57,53,85,60,32,2,1.86875,3.7630782588983482,7.689870853612059e-08,4.072931311293293,52.88611465771346,-0.013470634642051596,53.0,140.83196366782008,85.0,3.7630461206683337,-66.50877192982456
68,57,54,78,63,38,2,1.615705931495405,2.5414016922910876,6.093373393139189e-08,3.290736781870568,53.92679228936539,-0.0128060263653484,54.0,145.24481800638807,78.0,2.541369536771715,-66.63157894736842
68,57,54,84,59,33,2,1.8993323061119671,3.6240962349938197,7.502939591789417e-08,3.9691997211954275,53.89580010632642,-0.012659220066627473,54.0,136.78117276322294,84.0,3.6240620365910945,-66.52631578947368
68,57,54,87,60,33,2,1.8676767676767676,3.822786630005623,7.516613198608993e-08,4.086378518964766,53.88822434875066,-0.012863401035444047,54.0,145.7491200334089,87.0,3.822752372588262,-66.47368421052632
68,57,55,81,60,33,2,1.901010101010101,3.313692592946517,6.676269140335856e-08,3.804560840387529,54.90487168334058,-0.01242905242905243,55.0,135.7982293135119,81.0,3.31366015093429,-66.57894736842105
68,57,58,84,78,47,2,1.1723949809056193,1.9247609494334972,3.5741411230532395e-08,2.8641573698179914,57.94071385359952,-0.013386936339522546,58.0,157.0791275333663,84.0,1.9247218939626918,-66.52631578947368
68,57,58,86,79,47,2,1.1575545381093457,1.9919675704790327,3.567821574857083e-08,2.918394830613557,57.93785709484439,-0.013671764772278343,58.0,161.693107030774,86.0,1.9919285766552157,-66.49122807017544
68,58,54,79,63,35,2,1.7133786848072563,2.8304310890775524,6.118059551275095e-08,3.511121625452256,53.92029374201788,-0.013310923462190092,54.0,143.58770216481975,79.0,2.830403645611287,-66.63793103448276
68,58,54,79,64,35,2,1.686607142857143,2.786204914053061,5.9264269744199664e-08,3.491527377888259,53.92029374201788,-0.01354042214257268,54.0,145.6446498182296,79.0,2.7861783141930743,-66.63793103448276
68,58,55,80,63,37,2,1.67996567996568,2.745649696783042,5.9204354046661535e-08,3.432013906397397,54.92569371879717,-0.012580542264752791,55.0,143.98795415224913,80.0,2.74561981747126,-66.62068965517241
68,58,56,78,67,38,2,1.5789473684210524,2.389672206029649,4.868551333695683e-08,3.2168176862768654,55.933101688951446,-0.012870718462823727,56.0,150.18517794561262,78.0,2.389645139115721,-66.65517241379311
68,58,59,84,79,48,2,1.1571729957805905,1.8608038447455009,3.308697380953767e-08,2.8132911407815224,58.945738103294474,-0.01313825818143055,59.0,157.7732451804251,84.0,1.860767151506872,-66.55172413793103
68,59,54,78,63,36,2,1.6807760141093473,2.6825818963492196,5.985691720835419e-08,3.4047719954203566,53.929273906675036,-0.013255360623781678,54.0,143.7350965697365,78.0,2.682556206336304,-66.67796610169492
68,59,54,88,65,37,2,1.5975051975051975,3.2200031001434652,6.354011462218023e-08,3.73223249813471,53.9131916420052,-0.013577539527831924,54.0,134.61369534444793,88.0,3.219975145718652,-66.50847457627118
68,59,55,79,65,36,2,1.6598290598290597,2.6671349464014638,5.4393126893473835e-08,3.4098376623712,54.928767905039095,-0.013238739481933675,55.0,146.80620270958346,79.0,2.667110045354276,-66.66101694915254
68,59,55,87,68,37,2,1.5564387917329094,3.0083877381701214,5.476107648121641e-08,3.6307691991776085,54.91669601584856,-0.013815426997245181,55.0,119.21281271129142,87.0,3.00836199599373,-66.52542372881356
68,59,58,78,71,45,2,1.3452269170579032,1.9042649965635765,3.939716979994304e-08,2.8319282386235285,57.95061367621274,-0.012093079334458644,58.0,165.9558213556916,78.0,1.9042347945738363,-66.67796610169492
68,60,54,89,62,34,2,1.7741935483870968,3.7576376240922618,7.00935601959895e-08,4.05314239066405,53.9059710351377,-0.013396375098502758,54.0,113.51010847167684,89.0,3.757610803293426,-66.51666666666667
69,55,50,84,56,32,2,1.9135044642857142,3.9375702611284327,1.028421207012846e-07,4.125020886223001,49.857454545454544,-0.01384783798576902,50.0,138.32675208289575,84.0,3.9375294369085503,-67.47272727272727
69,55,51,78,58,31,2,1.917686318131257,3.3838221358011586,8.456461567033476e-08,3.860974645934377,50.87241270839887,-0.013955694806054453,51.0,136.15648266877,78.0,3.3837870342461547,-67.58181818181818
69,56,50,79,57,32,2,1.8799342105263157,3.4216608734242135,9.232008106755993e-08,3.8547335008165415,49.88268796992481,-0.014164222873900293,50.0,135.96988187249246,79.0,3.421626645428438,-67.58928571428571
69,56,52,91,62,32,2,1.7928427419354838,4.173951761132104,8.164196786406408e-08,4.31150433898405,51.85032894736842,-0.014311959227213462,52.0,129.73427181933798,91.0,4.173917192782338,-67.375
69,57,52,91,61,33,2,1.7883755588673622,4.1138191090905085,8.359155428786831e-08,4.249392122339249,51.86695906432749,-0.014006410256410256,52.0,131.38293737348556,91.0,4.113785284331978,-67.40350877192982
69,57,53,80,53,30,2,2.2132075471698114,4.025228607201019,9.287634726454167e-08,4.176130278324838,52.88230534407297,-0.01236174365647365,53.0,123.70912754673388,80.0,4.025191170687027,-67.59649122807018
69,57,53,86,60,32,2,1.8859375,3.8521419880864785,7.782146188758339e-08,4.120848492159198,52.877590201919894,-0.01344826878757001,53.0,141.7609794698202,86.0,3.852109151686092,-67.49122807017544
69,57,53,91,62,34,2,1.75853889943074,3.9284255315713543,7.715190734024893e-08,4.14422460784294,52.875402485630886,-0.013591125855276798,53.0,132.03096126725615,91.0,3.92839136186643,-67.40350877192982
69,57,54,74,63,36,2,1.697089947089947,2.4145080075991365,5.775431989744478e-08,3.230169639166857,53.92587177821096,-0.013052568697729987,54.0,143.41560784282902,74.0,2.4144790558279348,-67.70175438596492
69,57,54,80,54,29,2,2.247765006385696,4.086916380254419,8.53718207293827e-08,4.240130003491704,53.87768986736995,-0.01227390180878553,54.0,124.44439305968135,80.0,4.086880447494313,-67.59649122807018
69,57,55,79,63,36,2,1.7288359788359786,2.751813591370024,5.897338207741431e-08,3.4484240546081906,54.91705209994684,-0.012605163213307053,55.0,143.2736793408469,79.0,2.751782130086369,-67.6140350877193
69,57,55,79,64,37,2,1.6697635135135136,2.6356059718270504,5.712458276347587e-08,3.369520184537932,54.92037001594896,-0.012678916827852996,55.0,145.84261364089556,79.0,2.635574522913464,-67.6140350877193
69,57,55,79,65,40,2,1.5496153846153846,2.4004330190329233,5.535755877979737e-08,3.1903929803473887,54.92890179995443,-0.012495035979222595,55.0,150.73791805253126,79.0,2.400399083454767,-67.6140350877193
69,57,57,74,71,43,2,1.3887979037012774,1.7936877508035498,3.968650532605873e-08,2.7631877383747736,56.94563091373028,-0.012545454545454544,57.0,158.67853202919366,74.0,1.7936559685913858,-67.70175438596492
69,58,53,84,61,33,2,1.821162444113264,3.5052679719329936,7.281653716392231e-08,3.9225170519839607,52.89566451765541,-0.013602852452218366,53.0,142.9414813814625,84.0,3.505238536097058,-67.55172413793103
69,58,53,90,61,33,2,1.821162444113264,4.023900589472598,7.812240600485471e-08,4.202695889539847,52.88022712485952,-0.013602852452218366,53.0,114.89021214030666,90.0,4.023869051076954,-67.44827586206897
69,58,54,81,63,35,2,1.7297052154195012,2.9755574238600975,6.2759321781926e-08,3.600010958937898,53.91271551724138,-0.013281561131023495,54.0,144.99852972064693,81.0,2.9755289979524218,-67.60344827586206
69,58,54,82,63,35,2,1.7297052154195012,3.0494809093146564,6.354872509437848e-08,3.644455403382343,53.910547041294166,-0.013281561131023495,54.0,145.60962162079088,82.0,3.049452132469849,-67.58620689655173
69,58,54,86,61,34,2,1.8201542912246866,3.5661096177676477,7.120144020587466e-08,3.939261382746259,53.89732911322117,-0.012992831541218637,54.0,145.28646675426472,86.0,3.5660782314053314,-67.51724137931035
69,58,54,88,58,32,2,1.9854525862068966,4.172475477799694,8.070698536730262e-08,4.267259852814441,53.88225992823694,-0.012668566001899336,54.0,138.26582778000548,88.0,4.172441557725545,-67.48275862068965
69,58,55,82,62,34,2,1.823055028462998,3.1898037599810354,6.270876083401828e-08,3.734358122507584,54.908354913452364,-0.01275659824046921,55.0,141.30782757260465,82.0,3.189774281283998,-67.58620689655173
69,58,55,83,62,34,2,1.823055028462998,3.268077619876208,6.348787951475619e-08,3.7798989194715307,54.90610603789015,-0.01275659824046921,55.0,141.73612769558747,83.0,3.2680477816828657,-67.56896551724138
69,58,58,77,67,41,2,1.5624317437204223,2.1583987419065096,4.3979967292101813e-08,3.0273099589909687,57.941250495441935,-0.011616161616161615,58.0,149.05461552846555,77.0,2.158367572531558,-67.67241379310344
69,58,58,78,74,46,2,1.277027027027027,1.7873511519626777,3.654671901046736e-08,2.7497082962533796,57.94832682181077,-0.012518142235123368,58.0,173.8475056414565,78.0,1.7873177694039186,-67.65517241379311
69,58,60,78,71,45,2,1.415962441314554,1.9042710706405037,3.649403544997464e-08,2.831929317805387,59.948580121703856,-0.01116504854368932,60.0,157.97108046682717,78.0,1.9042356422344984,-67.65517241379311
69,59,54,87,60,33,2,1.884848484848485,3.822780653734784,7.38291052629408e-08,4.086378514861212,53.896708425448296,-0.01300705467372134,54.0,142.834053987499,87.0,3.8227508922292857,-67.52542372881356
69,59,54,89,59,32,2,1.9518008474576272,4.195501972383161,7.81687122529643e-08,4.2897411377004415,53.8869913827541,-0.012944520757020756,54.0,143.97231603218094,89.0,4.19547113428436,-67.49152542372882
69,59,55,86,63,37,2,1.6962676962676964,3.172934984016302,6.317128727658483e-08,3.6894144391975683,54.91558523083947,-0.012639716840536512,55.0,167.88536949927465,86.0,3.172905070697611,-67.54237288135593
69,59,56,77,66,38,2,1.618421052631579,2.3640748946708605,4.912898923779079e-08,3.1929905053668284,55.935911016949156,-0.012702503681885125,56.0,148.33893239715547,77.0,2.3640493160932388,-67.69491525423729
69,59,57,76,72,46,2,1.2847222222222223,1.7439998005554775,3.896803136566363e-08,2.707732070126599,56.95229127432517,-0.01259630557876172,57.0,167.11779922395783,76.0,1.7439698329851807,-67.71186440677967
69,59,58,80,71,44,2,1.3882842509603073,2.0486956226471165,4.043300543722478e-08,2.944946314781955,57.94499260838175,-0.012168802907838729,58.0,166.30995239095427,80.0,2.0486657875884666,-67.64406779661017
69,59,60,79,73,47,2,1.321480617895657,1.8190461221991827,3.465970982066411e-08,2.763045672905854,59.95235150404642,-0.011430256064690026,60.0,169.778340542931,79.0,1.8190119647133594,-67.66101694915254
70,57,51,91,61,33,2,1.7724788872329857,4.1138186286626794,8.771284094459976e-08,4.249392138458379,50.85756793945649,-0.0144880174291939,51.0,133.38984301412873,91.0,4.113785060451259,-68.40350877192982
70,57,52,84,55,28,2,2.190909090909091,4.58188944378585,9.496556208008104e-08,4.527297841767475,51.841295546558705,-0.013473357195920849,52.0,129.89731292517007,84.0,4.581854558126999,-68.52631578947368
70,57,53,76,61,34,2,1.8042430086788814,2.7850066123656165,6.635561742020491e-08,3.4812095671652155,52.908954776879305,-0.013343321316541036,53.0,141.15377427084195,76.0,2.7849768397280448,-68.66666666666667
70,57,53,78,55,31,2,2.113782991202346,3.568392906765298,8.398411657257949e-08,3.934335956637063,52.88811651770937,-0.012580718393703965,53.0,128.6070550198101,78.0,3.568357947588049,-68.63157894736842
70,57,53,90,62,34,2,1.7751423149905123,3.842562082062747,7.628788250922165e-08,4.098684283280489,52.872322315222014,-0.01356206428894335,53.0,116.85655328798185,90.0,3.8425279444800684,-68.42105263157895
70,57,54,77,60,34,2,1.8676470588235294,2.9064258350438767,6.63708681878279e-08,3.5480549266157855,53.90827377084687,-0.012686965811965812,54.0,138.09165120593693,77.0,2.90639411994847,-68.64912280701755
70,58,53,93,60,35,2,1.8,4.118630669906445,8.352180357511272e-08,4.207157584807918,52.87766965573817,-0.013074547462861522,53.0,132.34183015141542,93.0,4.118594985587798,-68.39655172413794
70,58,54,88,57,32,2,2.0383771929824563,4.2456784817268876,8.359272676172478e-08,4.293880535079334,53.876372924648784,-0.01246852158958295,54.0,135.35049165120594,88.0,4.245643032188334,-68.48275862068965
70,58,54,88,59,34,2,1.8993020937188436,3.8604780059661277,7.796713096306844e-08,4.079777699380608,53.887611749680715,-0.012572773442338658,54.0,145.74691094619666,88.0,3.8604433499194695,-68.48275862068965
70,58,54,89,56,31,2,2.1117511520737327,4.5628562755268245,8.764023184811003e-08,4.460276537982529,53.866891846474424,-0.012423196494577855,54.0,133.0421187800963,89.0,4.562819914271332,-68.46551724137932
70,58,58,76,70,43,2,1.451827242524917,1.918978917675379,3.98589138499256e-08,2.8531613228931696,57.944612788155425,-0.011949470809149881,58.0,156.49264828738512,76.0,1.9189477779026174,-68.6896551724138
70,59,54,87,58,33,2,1.96760710553814,3.954603092973332,7.906112301072364e-08,4.136382171147637,53.89201335387776,-0.01259576440735861,54.0,137.6745918367347,87.0,3.9545709484654767,-68.52542372881356
70,59,55,87,60,35,2,1.8666666666666667,3.60433978472072,7.053995635381655e-08,3.9357297739255572,54.90281201848998,-0.012289837821752716,55.0,143.28679333802486,87.0,3.604307793178003,-68.52542372881356
70,59,55,88,60,33,2,1.9353535353535354,3.9111665536135445,7.136685819867364e-08,4.133349203545441,54.891525423728815,-0.012557008209182123,55.0,140.80561224489796,88.0,3.911135642763076,-68.50847457627118
70,59,57,88,67,40,2,1.578358208955224,2.889598202735531,5.2238399821316675e-08,3.5134403780696406,56.92059634767808,-0.0121980034260736,57.0,115.738719851577,88.0,2.8895670952919543,-68.50847457627118
70,59,58,89,73,41,2,1.4480454393585034,2.6465489019991253,4.25957504771433e-08,3.3899136838946187,57.922842392363144,-0.012946708463949843,58.0,140.74590346250858,89.0,2.6465208889653016,-68.49152542372882
70,59,61,77,73,46,2,1.3907087552114354,1.7656757802687442,3.239717454309293e-08,2.728711242206047,60.95293136982495,-0.011117392123610325,61.0,160.5611711502783,77.0,1.7656434822565181,-68.69491525423729
70,60,55,86,69,39,2,1.5042735042735043,2.7484585970255972,5.210208543400166e-08,3.451510555990082,54.92271682340648,-0.013774104683195593,55.0,,86.0,2.7484339806333487,-68.56666666666666
70,60,55,89,64,36,2,1.7178819444444444,3.4379796972790926,6.28167216112326e-08,3.8628574029195737,54.907680652680654,-0.013040238450074517,55.0,,89.0,3.437952365066979,-68.51666666666667
70,61,60,80,71,41,2,1.5451734799038133,2.1985917549009457,3.655472384460649e-08,3.077985435211352,59.94535519125683,-0.011825634208485656,60.0,156.14126417233558,80.0,2.198568590641825,-68.68852459016394
70,62,59,90,73,45,2,1.3637747336377473,2.4657887170544357,4.027381317547242e-08,3.2328798506415217,58.94015338465858,-0.012276255346111199,59.0,150.76272108843537,90.0,2.4657631421786452,-68.54838709677419
71,57,54,75,59,36,2,1.8469868173258004,2.6483591799597357,6.684512798296233e-08,3.3545373437495987,53.916932482721954,-0.012209912747547156,54.0,137.0705092526993,75.0,2.6483250573216353,-69.6842105263158
71,59,56,85,71,43,2,1.38945299705208,2.366565674289843,4.675375399563716e-08,3.173931461156193,55.92945989221276,-0.013095863345338138,56.0,120.25136702568352,85.0,2.3665358420892795,-69.55932203389831
71,59,57,89,73,42,2,1.4067188519243314,2.5835370453119606,4.450226416577398e-08,3.3382293818206934,56.9214887501239,-0.013229744027034284,57.0,148.23205594276743,89.0,2.583508145427008,-69.49152542372882
71,60,55,88,65,36,2,1.7072649572649574,3.3094459229044064,6.018386925432885e-08,3.798300225662997,54.90613333333334,-0.013226527570789869,55.0,159.68228255576997,88.0,3.309419454618124,-69.53333333333333
71,60,55,90,62,35,2,1.8230414746543777,3.73276881051276,6.774344136236364e-08,4.023054506329278,54.89772727272727,-0.012739234449760767,55.0,164.84905993078974,90.0,3.7327397663933413,-69.5
71,60,56,90,69,38,2,1.5778032036613274,3.0892856168342866,5.218449118874349e-08,3.672775289353327,55.910714285714285,-0.013383432190610235,56.0,123.04540104476625,90.0,3.0892598495885206,-69.5
71,60,57,91,66,39,2,1.6487956487956488,3.2172176568043427,5.5251458152303356e-08,3.7121300622752806,56.913523391812866,-0.01217609027456226,57.0,131.46436364666874,91.0,3.2171878549733104,-69.48333333333333
71,60,57,92,66,37,2,1.710892710892711,3.4660577887222184,5.587058285858797e-08,3.880435135439231,56.90481331533963,-0.012427143682285193,57.0,118.6709633181822,92.0,3.4660292954910057,-69.46666666666667
71,60,58,88,73,44,2,1.37826899128269,2.4109981612370457,4.1770673759686694e-08,3.2054829195978267,57.932567049808426,-0.012611311102690412,58.0,146.54370825894333,88.0,2.410969397053338,-69.53333333333333
71,62,58,89,72,45,2,1.3691358024691358,2.444788645905607,4.2620763631596704e-08,3.2138925124928273,57.93881318749227,-0.012444097675707155,58.0,149.54199340687262,89.0,2.4447628638695083,-69.56451612903226
71,62,61,89,72,42,2,1.5373677248677249,2.6194145407278997,3.7678387179332634e-08,3.3551638247251456,60.93653349999199,-0.011564733081126525,61.0,188.863066673502,89.0,2.6193900599466082,-69.56451612903226
71,63,62,82,67,41,2,1.7124135420458682,2.4477977226690397,3.813117104021055e-08,3.2238896016321075,61.94783472202827,-0.010510658696142568,62.0,146.4337333862329,82.0,2.447774028920426,-69.6984126984127
71,63,62,82,70,43,2,1.5807308970099667,2.2339209450361848,3.4884046523013435e-08,3.078411654756843,61.950815595055225,-0.010803408399269628,62.0,153.69776793706242,82.0,2.233897870662018,-69.6984126984127
72,60,58,87,71,42,2,1.4889336016096582,2.538269455315707,4.355326143306893e-08,3.29678594068668,57.9275,-0.012376663114105959,58.0,191.09762132822476,87.0,2.5382414316401642,-70.55
72,61,58,88,71,42,2,1.4889336016096582,2.596952565099682,4.373096105092171e-08,3.334679884680902,57.929393314976565,-0.012460776358570754,58.0,,88.0,2.5969266136839866,-70.55737704918033
72,61,60,80,72,42,2,1.523809523809524,2.116436713710325,3.5696473730869306e-08,3.015878199923167,59.94359245549092,-0.011844660194174758,60.0,159.8647222222222,80.0,2.1164129380853764,-70.68852459016394
72,61,62,82,68,41,2,1.7022955523672882,2.4118054180401742,3.7599908457015697e-08,3.2058911324468187,61.94073682355015,-0.010522684146972572,62.0,149.16365039281706,82.0,2.41177812869188,-70.65573770491804
72,62,58,89,70,43,2,1.481063122923588,2.6315984577917915,4.515874197015201e-08,3.3412015052006807,57.93325074999157,-0.012216748768472908,58.0,136.67129196143708,89.0,2.6315728331543067,-70.56451612903226
72,62,62,82,66,41,2,1.753880266075388,2.4848889422024056,3.962389628776872e-08,3.2424347449552564,61.94357356248531,-0.010279840091376356,62.0,145.07175925925927,82.0,2.4848622657346606,-70.6774193548387
72,63,62,83,68,41,2,1.7022955523672882,2.4709831536889317,3.7466522435197244e-08,3.244986978368143,61.94488447260625,-0.01065869614256711,62.0,149.44167503346722,83.0,2.4709596422408118,-70.68253968253968
72,64,64,83,72,45,2,1.5499999999999998,2.1262669671402192,3.0651307608773216e-08,2.9972277625251222,63.954543654983105,-0.010321100917431193,64.0,156.99062918340027,83.0,2.1262442484059823,-70.703125
73,60,57,92,67,37,2,1.7160145219846712,3.4143257667097093,5.4200133816414554e-08,3.859629938707603,56.896881091617935,-0.012574391304722286,57.0,177.70001509378545,92.0,3.4142975698112217,-71.46666666666667
73,62,63,80,69,41,2,1.7214563449982325,2.2623205719774258,3.393080191629732e-08,3.1106482899250327,62.945383171189626,-0.010410269503154592,63.0,150.41101848376806,80.0,2.2622961227228022,-71.70967741935483
73,63,65,81,71,42,2,1.7005365526492286,2.2002358133124615,2.982132121342624e-08,3.0694238339508875,64.94993131868132,-0.010057405281285878,65.0,152.51027895350157,81.0,2.200212819129334,-71.71428571428571
73,64,63,81,67,41,2,1.772843101565344,2.388458909449193,3.5898711235329734e-08,3.1845749123931957,62.949148995535715,-0.010235849573323694,63.0,146.47987385915076,81.0,2.3884364482267997,-71.734375
73,64,65,84,73,46,2,1.542287075640262,2.1012839936803553,2.9001812793615063e-08,2.9767772505441257,64.954158004158,-0.010052716514254975,65.0,159.10661285061968,84.0,2.101260154949177,-71.6875
64,54,47,82,48,24,3,2.347222222222222,5.836906769099926,1.6129764061170158e-07,5.125039678733224,46.81076212991107,-0.014963759644610709,47.0,115.93631859756097,82.0,5.836861988707425,-62.48148148148148
65,56,51,87,59,31,3,1.815199562602515,4.138387914151702,9.046185095103944e-08,4.281041834572401,50.8795359052712,-0.014392528537932617,51.0,121.09749982996667,87.0,4.138354288787246,-63.44642857142857
66,53,49,80,47,25,3,2.4817021276595743,5.446920418084838,1.494962687472478e-07,4.902176420600569,48.794634835066105,-0.013459229845784466,49.0,112.5259354912764,80.0,5.446867841402329,-64.49056603773585
66,53,49,80,48,25,3,2.43,5.333440647261962,1.432637825808751e-07,4.866710922997834,48.794634835066105,-0.013660113873333489,49.0,114.55840220385674,80.0,5.333390228719419,-64.49056603773585
66,55,49,91,58,31,3,1.7953281423804226,4.605741097826573,1.0929490681933754e-07,4.504464498504585,48.846363636363634,-0.015112532160967201,49.0,130.0727764299193,91.0,4.605702788778019,-64.34545454545454
66,55,50,84,56,31,3,1.8951612903225805,4.064584824688779,1.0284243928067475e-07,4.209696509153561,49.87170909090909,-0.014069767441860465,50.0,149.37373737373738,84.0,4.064546209333166,-64.47272727272727
66,56,49,91,58,30,3,1.8310344827586207,4.759260398380388,1.0824680086068998e-07,4.60231402489643,48.84910714285714,-0.015387305472984787,49.0,129.68891377982288,91.0,4.7592256804993465,-64.375
66,56,50,96,61,32,3,1.7059426229508197,4.721373297564265,9.820778543906448e-08,4.573781660812489,49.85038961038961,-0.015272727272727273,50.0,136.24020508111417,96.0,4.721338062139461,-64.28571428571429
66,56,50,96,62,33,3,1.6451612903225807,4.504458243804847,9.50295149105842e-08,4.457487784436873,49.85689440993789,-0.015380774032459427,50.0,138.29926449812814,96.0,4.504423309714126,-64.28571428571429
66,56,50,97,61,32,3,1.7059426229508197,4.820246892364712,9.925260812402795e-08,4.621425103435439,49.84725649350649,-0.015272727272727273,50.0,136.39169868973056,97.0,4.8202112899042335,-64.26785714285714
66,56,51,93,59,31,3,1.8326954620010933,4.728879371057211,9.683446131727051e-08,4.576285682355962,50.855792316926774,-0.014361987363316312,51.0,130.08211990030173,93.0,4.728843057462235,-64.33928571428571
67,55,48,89,56,30,3,1.8791666666666667,4.714952549941233,1.2069877917243617e-07,4.55597116052579,47.833312289562286,-0.015308241940844134,48.0,126.10936846874132,89.0,4.714913575462855,-65.38181818181818
67,55,49,80,47,26,3,2.459083469721768,5.2374151046305535,1.4659050416922892e-07,4.779098776869686,48.83037370792473,-0.013455731192101103,49.0,113.58508520828693,80.0,5.237368369461283,-65.54545454545455
67,55,49,83,55,31,3,1.912023460410557,4.040538965120173,1.1076846823763571e-07,4.1865313862119615,48.86546235719168,-0.014335509270425668,49.0,138.60801906668777,83.0,4.040499726858845,-65.49090909090908
67,55,49,92,57,31,3,1.8449349179400112,4.79011164227534,1.1447853295983222e-07,4.581794342382157,48.834703642222436,-0.014821458737219758,49.0,129.15644349403442,92.0,4.79007112702687,-65.32727272727273
67,55,49,93,60,32,3,1.7182291666666667,4.504752732401338,1.0434417996955282e-07,4.456262589166305,48.83953617810761,-0.015435977346603664,49.0,135.62441204345788,93.0,4.504714842791417,-65.30909090909091
67,55,49,93,61,32,3,1.690061475409836,4.43090329431649,1.0091336792730791e-07,4.430851551914983,48.83953617810761,-0.015716631480178277,49.0,137.58481891084887,93.0,4.430866625644152,-65.30909090909091
67,55,50,72,46,26,3,2.5560200668896322,4.334542976313128,1.3076482175121082e-07,4.3345025076783985,49.86535064935065,-0.012815162580420796,50.0,109.90393215905286,72.0,4.334498334679215,-65.69090909090909
67,55,50,90,58,30,3,1.8833333333333333,4.6552424735407625,1.0279252231869899e-07,4.551740735541619,49.836363636363636,-0.014695912263210369,50.0,126.31868023068736,90.0,4.655204361790861,-65.36363636363636
67,55,50,91,61,32,3,1.7228483606557377,4.242378521798101,9.387906676584879e-08,4.335565154408031,49.849436363636364,-0.015127257799671593,50.0,135.30034467648636,91.0,4.242341971330457,-65.34545454545454
67,55,50,92,59,31,3,1.8162930563149262,4.627733912259967,1.0155382759465647e-07,4.5270787501497916,49.83800956937799,-0.014775461106655974,50.0,131.5661145118018,92.0,4.627695381955498,-65.32727272727273
67,55,50,92,60,32,3,1.7515625,4.4083990924670085,9.815965670703006e-08,4.408346438600717,49.84610909090909,-0.014861867311958056,50.0,133.91361492343603,92.0,4.408360909744229,-65.32727272727273
67,55,50,94,57,30,3,1.916374269005848,5.167327204856866,1.1130790429190595e-07,4.782474374132737,49.82149494949495,-0.014450980392156863,50.0,128.30144811938132,94.0,5.16728600155026,-65.2909090909091
67,55,50,95,61,33,3,1.6890213611525087,4.483423540384381,9.809386297041488e-08,4.436176485544705,49.843722943722945,-0.014955357142857142,50.0,137.00574034775065,95.0,4.4833843852012265,-65.27272727272727
67,55,50,97,61,32,3,1.7228483606557377,4.820251524676521,1.0020439398095742e-07,4.621425810145736,49.82892727272727,-0.015127257799671593,50.0,137.26074218077179,97.0,4.8202125642879325,-65.23636363636363
67,55,51,72,46,26,3,2.599498327759197,4.3345445739648625,1.244912873138927e-07,4.334503664839883,50.86799083269671,-0.012389386481615965,51.0,108.85873555110021,72.0,4.334499195334168,-65.69090909090909
67,55,51,92,59,33,3,1.7801746276322548,4.347269736277335,9.668029198101928e-08,4.347215543619027,50.85631100925219,-0.013916583582585577,51.0,130.8734397678798,92.0,4.347228470941505,-65.32727272727273
67,55,51,93,59,32,3,1.8151483050847457,4.581108144095642,9.775408658437269e-08,4.482536196919118,50.845828877005346,-0.014076544313419894,51.0,130.9965780835146,93.0,4.58106750765218,-65.30909090909091
67,55,51,93,60,32,3,1.7848958333333333,4.504755213429196,9.448747505800572e-08,4.456263620691166,50.845828877005346,-0.014319243353306444,51.0,132.945672627303,93.0,4.504715909161258,-65.30909090909091
67,56,49,92,58,30,3,1.8488505747126438,4.864434184129444,1.094620313332575e-07,4.65288930924892,48.83765536289704,-0.015351128422499714,49.0,130.72723501247816,92.0,4.864398721933246,-65.35714285714286
67,56,50,95,59,32,3,1.78125,4.7802567061393315,1.0393949241459179e-07,4.578933694589168,49.846513605442176,-0.01470219435736677,50.0,132.93902944038643,95.0,4.7802190613110564,-65.30357142857143
67,56,51,87,58,31,3,1.882091212458287,4.209741737355648,9.364243317449364e-08,4.306468151301487,50.86748949579832,-0.014093606791375555,51.0,,87.0,4.20970623648437,-65.44642857142857
67,56,51,89,58,30,3,1.917816091954023,4.5523654150261015,9.584053918158707e-08,4.501166274709346,50.854028453486656,-0.01425748594011248,51.0,111.72589175537706,89.0,4.552329870901573,-65.41071428571429
67,56,51,92,60,32,3,1.7848958333333333,4.408396336391616,9.257192101469776e-08,4.408346708358904,50.85887688408697,-0.014413916036634089,51.0,132.39698974304338,92.0,4.408360427912802,-65.35714285714286
67,56,51,94,61,32,3,1.7556352459016393,4.5267016415854275,9.151644616373987e-08,4.4784957464927375,50.85267440309457,-0.014666791756575037,51.0,135.309133911263,94.0,4.526666135339083,-65.32142857142857
67,56,52,90,60,32,3,1.8182291666666666,4.218812762790539,8.625783168640048e-08,4.312513880650867,51.8675431711146,-0.013897119829323219,52.0,127.63939011410609,90.0,4.218777002832187,-65.39285714285714
67,56,52,91,58,31,3,1.9165739710789766,4.605741456686537,9.342402262766694e-08,4.504466485659011,51.8578125,-0.013595976286762042,52.0,124.1727372649627,91.0,4.605703667088659,-65.375
68,54,50,93,58,30,3,1.9011494252873562,4.970767273009247,1.0732378267629184e-07,4.703465778491124,49.799791666666664,-0.01457142857142857,50.0,130.12259738810135,93.0,4.9707242422001245,-66.27777777777777
68,55,49,91,59,32,3,1.7648305084745763,4.386189560195381,1.0558137766971407e-07,4.386137364713525,48.83827751196172,-0.0151261455830846,49.0,133.42516231605765,91.0,4.386150817413078,-66.34545454545454
68,55,49,92,57,31,3,1.8630447085455573,4.790112376224603,1.1447865483398673e-07,4.5817949732077485,48.8255205112348,-0.014791963296946686,49.0,129.68591563863396,92.0,4.79007143437233,-66.32727272727273
68,55,50,90,59,32,3,1.798728813559322,4.290321426385719,9.929963484732743e-08,4.337938759172809,49.84497607655502,-0.014572374829534385,50.0,130.5801122164552,90.0,4.290282400247694,-66.36363636363636
68,55,50,91,60,31,3,1.803225806451613,4.452216747413896,9.707151105971446e-08,4.452164493705371,49.83270707070707,-0.014995990376904569,50.0,132.71169293509257,91.0,4.452179504412934,-66.34545454545454
68,55,50,92,59,31,3,1.8337889557135045,4.627734596989361,1.0155418557640243e-07,4.527079307226276,49.8290101010101,-0.01474182104848246,50.0,131.88355837219797,92.0,4.627695668577597,-66.32727272727273
68,55,50,93,58,30,3,1.9011494252873562,4.970762758766312,1.0629368400035414e-07,4.703465456622262,49.81499465240642,-0.014666666666666666,50.0,130.1200887375823,93.0,4.970722977838493,-66.30909090909091
68,55,51,87,58,31,3,1.8998887652947718,4.2097463505817165,9.453163398743894e-08,4.306469047368798,50.850089126559716,-0.013978904562206126,51.0,154.35654555940022,87.0,4.209707589791057,-66.41818181818182
68,55,51,89,58,32,3,1.8642241379310345,4.267850177293845,9.675008432678669e-08,4.315749911543322,50.851374425368235,-0.013818227498272722,51.0,122.22809426149838,89.0,4.267809529298976,-66.38181818181818
68,55,51,92,59,31,3,1.8676872607982504,4.627735852517704,9.668183959001982e-08,4.527079844772425,50.83236284412755,-0.014211886304909561,51.0,129.8544479652475,92.0,4.627696231184867,-66.32727272727273
68,55,51,92,60,30,3,1.8711111111111112,4.7022910418006845,9.345213191771234e-08,4.600014793990115,50.82250183495858,-0.014622798271851114,51.0,130.24037159620883,92.0,4.702253604689499,-66.32727272727273
68,55,51,94,62,34,3,1.6774193548387097,4.191715193899557,8.939433574835064e-08,4.280846004479004,50.84999575587811,-0.014455614692161115,51.0,138.42633459307797,94.0,4.191675473570824,-66.2909090909091
68,56,49,72,45,26,3,2.5914529914529916,4.430862504045622,1.4234170392013242e-07,4.369290094990902,48.865056226572264,-0.013162988772744872,49.0,109.8839464578401,72.0,4.430819352707791,-66.71428571428571
68,56,50,76,47,27,3,2.479117415287628,4.551705379268183,1.3105058545198666e-07,4.431885602743848,49.862476190476194,-0.012923807907687088,50.0,113.15110483822012,76.0,4.551662172525045,-66.64285714285714
68,56,50,90,59,31,3,1.8337889557135045,4.428713321146366,9.83572695935203e-08,4.4286645961350715,49.847744360902254,-0.014837327099162282,50.0,128.98774830193514,90.0,4.428678091173111,-66.39285714285714
68,56,51,75,48,28,3,2.425595238095238,4.185352849518426,1.1796969433885777e-07,4.24111733200062,50.87690388655462,-0.012519561815336464,51.0,114.1563321799308,75.0,4.185310504562627,-66.66071428571429
68,56,51,92,58,31,3,1.8998887652947718,4.707521405401893,9.913938958499884e-08,4.553965951743083,50.84402181925402,-0.014069467998241316,51.0,127.93852489845042,92.0,4.707483484528025,-66.35714285714286
68,57,49,90,58,31,3,1.8309232480533926,4.505066718675367,1.0601449744135773e-07,4.454965659676521,48.85499462943072,-0.015235369956919593,49.0,129.82681420607457,90.0,4.505033530664106,-66.42105263157895
68,57,50,92,59,32,3,1.798728813559322,4.483111725498261,9.964196945147971e-08,4.434336530813016,49.85857978279031,-0.014762902304322987,50.0,132.45849474700367,92.0,4.483077623138519,-66.3859649122807
68,57,51,82,53,29,3,2.157449577098243,4.37482711270547,1.0478293776976392e-07,4.374783574192539,50.871497916905554,-0.013389711064129669,51.0,125.42465411110642,82.0,4.374791066046471,-66.56140350877193
68,57,51,93,60,31,3,1.8365591397849461,4.650061279636744,9.272760667668175e-08,4.550013951342251,50.85123839009288,-0.014637904468412942,51.0,132.85207612456747,93.0,4.650028045819378,-66.36842105263158
68,58,52,85,56,30,3,2.0404761904761903,4.3006579512248955,9.183375267920549e-08,4.351211299356728,51.880222148541115,-0.01346700174825175,52.0,132.09342560553634,85.0,4.300625630715036,-66.53448275862068
69,55,50,90,59,30,3,1.8864406779661016,4.576340236118208,9.930109805844972e-08,4.525439945315858,49.81590909090909,-0.01488235294117647,50.0,116.65175383322831,90.0,4.576302648592133,-67.36363636363636
69,56,50,95,61,32,3,1.7566598360655739,4.623526176258054,9.716493286576545e-08,4.526139697401158,49.830357142857146,-0.015141065830721005,50.0,138.3418919068307,95.0,4.623490199516738,-67.30357142857143
69,57,51,82,53,29,3,2.1769681197137283,4.374827775171953,1.047828406253029e-07,4.37478433942195,50.863938970841176,-0.013383833227841641,51.0,126.15315922220344,82.0,4.3747913812636625,-67.56140350877193
69,57,52,83,53,29,3,2.214703968770332,4.482181879234286,1.0110221200358786e-07,4.428135746697854,51.863280939906325,-0.012933415763443125,52.0,125.12806698332925,83.0,4.482144421959835,-67.54385964912281
69,57,52,86,54,29,3,2.173690932311622,4.722934544685283,1.0094735698931858e-07,4.558136311678123,51.85321902040168,-0.013126451819613916,52.0,128.14263419352002,86.0,4.722897150166715,-67.49122807017544
69,57,52,86,55,30,3,2.096363636363636,4.482494321171349,9.727269054755524e-08,4.430326968477425,51.861373519268255,-0.013172172654931275,52.0,130.96890432437976,86.0,4.482457552809344,-67.49122807017544
70,57,52,85,54,30,3,2.1543209876543212,4.459949047076822,9.974911978126011e-08,4.407434423828204,51.85661268556005,-0.012970042128257139,52.0,128.8124266849597,85.0,4.459910994438125,-68.50877192982456
70,58,51,84,52,29,3,2.2387267904509285,4.67911816741334,1.1057364988128775e-07,4.511967745056421,50.85968261543969,-0.013261343184616841,51.0,125.32098639455782,84.0,4.679081740310592,-68.55172413793103
70,59,52,84,53,28,3,2.2735849056603774,4.754786247965404,1.0048640101681116e-07,4.5849346266875255,51.864713551652734,-0.013230564205076949,52.0,125.83048299319728,84.0,4.754753499977828,-68.57627118644068
